,Open,High,Low,Close,Adj Close,Volume
2022-07-15 09:30:00-04:00,26.270000457763672,26.520000457763672,26.25,26.43000030517578,26.43000030517578,12261551.0
2022-07-15 09:31:00-04:00,26.43000030517578,26.45509910583496,26.320100784301758,26.340099334716797,26.340099334716797,1147448.0
2022-07-15 09:32:00-04:00,26.350000381469727,26.600000381469727,26.344999313354492,26.5802001953125,26.5802001953125,1554472.0
2022-07-15 09:33:00-04:00,26.584999084472656,26.610000610351562,26.43000030517578,26.479999542236328,26.479999542236328,1069160.0
2022-07-15 09:34:00-04:00,26.43899917602539,26.5,26.43899917602539,26.469999313354492,26.469999313354492,1077067.0
2022-07-15 09:35:00-04:00,26.625,26.639999389648438,26.559999465942383,26.63990020751953,26.63990020751953,1357888.0
2022-07-15 09:36:00-04:00,26.61280059814453,26.639999389648438,26.479999542236328,26.530000686645508,26.530000686645508,1027621.0
2022-07-15 09:37:00-04:00,26.5,26.549999237060547,26.5,26.510000228881836,26.510000228881836,617628.0
2022-07-15 09:38:00-04:00,26.5,26.5,26.434999465942383,26.434999465942383,26.434999465942383,665729.0
2022-07-15 09:39:00-04:00,26.375,26.3799991607666,26.319900512695312,26.350099563598633,26.350099563598633,1124615.0
2022-07-15 09:40:00-04:00,26.375,26.385000228881836,26.290000915527344,26.360000610351562,26.360000610351562,966106.0
2022-07-15 09:41:00-04:00,26.35890007019043,26.405000686645508,26.295000076293945,26.31290054321289,26.31290054321289,690677.0
2022-07-15 09:42:00-04:00,26.25,26.33839988708496,26.25,26.33839988708496,26.33839988708496,991619.0
2022-07-15 09:43:00-04:00,26.375,26.389999389648438,26.34160041809082,26.3700008392334,26.3700008392334,669954.0
2022-07-15 09:44:00-04:00,26.25,26.350000381469727,26.25,26.316299438476562,26.316299438476562,936340.0
2022-07-15 09:45:00-04:00,26.32080078125,26.340499877929688,26.075000762939453,26.08099937438965,26.08099937438965,1058274.0
2022-07-15 09:46:00-04:00,26.0,26.05500030517578,25.989999771118164,26.014999389648438,26.014999389648438,1098059.0
2022-07-15 09:47:00-04:00,26.109899520874023,26.109899520874023,26.065000534057617,26.09000015258789,26.09000015258789,615569.0
2022-07-15 09:48:00-04:00,26.129899978637695,26.15999984741211,26.115699768066406,26.145000457763672,26.145000457763672,589824.0
2022-07-15 09:49:00-04:00,26.125,26.1299991607666,26.060100555419922,26.060100555419922,26.060100555419922,473712.0
2022-07-15 09:50:00-04:00,26.0,26.029499053955078,25.950000762939453,26.024999618530273,26.024999618530273,706838.0
2022-07-15 09:51:00-04:00,26.0,26.0,25.895000457763672,25.899999618530273,25.899999618530273,947908.0
2022-07-15 09:52:00-04:00,25.854999542236328,25.8799991607666,25.834999084472656,25.839099884033203,25.839099884033203,648562.0
2022-07-15 09:53:00-04:00,25.879899978637695,25.924999237060547,25.8700008392334,25.905000686645508,25.905000686645508,490606.0
2022-07-15 09:54:00-04:00,25.875,25.920000076293945,25.8700008392334,25.889699935913086,25.889699935913086,459123.0
2022-07-15 09:55:00-04:00,25.979999542236328,26.020000457763672,25.979900360107422,26.019899368286133,26.019899368286133,875462.0
2022-07-15 09:56:00-04:00,26.0,26.049999237060547,25.992000579833984,26.04829978942871,26.04829978942871,589633.0
2022-07-15 09:57:00-04:00,26.0,26.0,25.981000900268555,26.0,26.0,450426.0
2022-07-15 09:58:00-04:00,26.0,26.149999618530273,26.0,26.114999771118164,26.114999771118164,2503443.0
2022-07-15 09:59:00-04:00,26.149999618530273,26.189199447631836,26.079999923706055,26.11009979248047,26.11009979248047,1606782.0
2022-07-15 10:00:00-04:00,26.1200008392334,26.67009925842285,26.1200008392334,26.594999313354492,26.594999313354492,5076499.0
2022-07-15 10:01:00-04:00,26.600000381469727,26.6299991607666,26.469999313354492,26.560100555419922,26.560100555419922,1454511.0
2022-07-15 10:02:00-04:00,26.559999465942383,26.56999969482422,26.261699676513672,26.40019989013672,26.40019989013672,1400184.0
2022-07-15 10:03:00-04:00,26.420000076293945,26.420000076293945,26.280000686645508,26.290000915527344,26.290000915527344,688912.0
2022-07-15 10:04:00-04:00,26.299999237060547,26.420000076293945,26.290000915527344,26.399999618530273,26.399999618530273,1921528.0
2022-07-15 10:05:00-04:00,26.399999618530273,26.489999771118164,26.329999923706055,26.350000381469727,26.350000381469727,812262.0
2022-07-15 10:06:00-04:00,26.350000381469727,26.37980079650879,26.149999618530273,26.193300247192383,26.193300247192383,989398.0
2022-07-15 10:07:00-04:00,26.209999084472656,26.290000915527344,26.18000030517578,26.280000686645508,26.280000686645508,403582.0
2022-07-15 10:08:00-04:00,26.290000915527344,26.315000534057617,26.225000381469727,26.239999771118164,26.239999771118164,605817.0
2022-07-15 10:09:00-04:00,26.239999771118164,26.301000595092773,26.209999084472656,26.28499984741211,26.28499984741211,364548.0
2022-07-15 10:10:00-04:00,26.28499984741211,26.309999465942383,26.170000076293945,26.211999893188477,26.211999893188477,809273.0
2022-07-15 10:11:00-04:00,26.210399627685547,26.399999618530273,26.210399627685547,26.350000381469727,26.350000381469727,915998.0
2022-07-15 10:12:00-04:00,26.359899520874023,26.450000762939453,26.359899520874023,26.440000534057617,26.440000534057617,728608.0
2022-07-15 10:13:00-04:00,26.449100494384766,26.450000762939453,26.329999923706055,26.34000015258789,26.34000015258789,468134.0
2022-07-15 10:14:00-04:00,26.340099334716797,26.360000610351562,26.309999465942383,26.319499969482422,26.319499969482422,309134.0
2022-07-15 10:15:00-04:00,26.31999969482422,26.36989974975586,26.209999084472656,26.239999771118164,26.239999771118164,516844.0
2022-07-15 10:16:00-04:00,26.239999771118164,26.34000015258789,26.235000610351562,26.31999969482422,26.31999969482422,474292.0
2022-07-15 10:17:00-04:00,26.31999969482422,26.420000076293945,26.280000686645508,26.415000915527344,26.415000915527344,826537.0
2022-07-15 10:18:00-04:00,26.420000076293945,26.44499969482422,26.3700008392334,26.383499145507812,26.383499145507812,428361.0
2022-07-15 10:19:00-04:00,26.389999389648438,26.459999084472656,26.34000015258789,26.34320068359375,26.34320068359375,451993.0
2022-07-15 10:20:00-04:00,26.350000381469727,26.360000610351562,26.241199493408203,26.2450008392334,26.2450008392334,342646.0
2022-07-15 10:21:00-04:00,26.239999771118164,26.260000228881836,26.060100555419922,26.10919952392578,26.10919952392578,833123.0
2022-07-15 10:22:00-04:00,26.100000381469727,26.209999084472656,26.08139991760254,26.19879913330078,26.19879913330078,528810.0
2022-07-15 10:23:00-04:00,26.200000762939453,26.31999969482422,26.199899673461914,26.310100555419922,26.310100555419922,531406.0
2022-07-15 10:24:00-04:00,26.31999969482422,26.44499969482422,26.31999969482422,26.44499969482422,26.44499969482422,707776.0
2022-07-15 10:25:00-04:00,26.44499969482422,26.530000686645508,26.440000534057617,26.475000381469727,26.475000381469727,983149.0
2022-07-15 10:26:00-04:00,26.479999542236328,26.519899368286133,26.450000762939453,26.468700408935547,26.468700408935547,611794.0
2022-07-15 10:27:00-04:00,26.46500015258789,26.469999313354492,26.360000610351562,26.43000030517578,26.43000030517578,691060.0
2022-07-15 10:28:00-04:00,26.440000534057617,26.530000686645508,26.440000534057617,26.489999771118164,26.489999771118164,521951.0
2022-07-15 10:29:00-04:00,26.5,26.610000610351562,26.48579978942871,26.559200286865234,26.559200286865234,824372.0
2022-07-15 10:30:00-04:00,26.55500030517578,26.599899291992188,26.5,26.530000686645508,26.530000686645508,482182.0
2022-07-15 10:31:00-04:00,26.530000686645508,26.541000366210938,26.450000762939453,26.489999771118164,26.489999771118164,395929.0
2022-07-15 10:32:00-04:00,26.486600875854492,26.55030059814453,26.462299346923828,26.549999237060547,26.549999237060547,330247.0
2022-07-15 10:33:00-04:00,26.549999237060547,26.559999465942383,26.489999771118164,26.521299362182617,26.521299362182617,331873.0
2022-07-15 10:34:00-04:00,26.52199935913086,26.540000915527344,26.479999542236328,26.5,26.5,223744.0
2022-07-15 10:35:00-04:00,26.489999771118164,26.510000228881836,26.393999099731445,26.479999542236328,26.479999542236328,507288.0
2022-07-15 10:36:00-04:00,26.479799270629883,26.530000686645508,26.459999084472656,26.5,26.5,435060.0
2022-07-15 10:37:00-04:00,26.510000228881836,26.56999969482422,26.485000610351562,26.514999389648438,26.514999389648438,422760.0
2022-07-15 10:38:00-04:00,26.510000228881836,26.547700881958008,26.451000213623047,26.451000213623047,26.451000213623047,277235.0
2022-07-15 10:39:00-04:00,26.459999084472656,26.489999771118164,26.399999618530273,26.420000076293945,26.420000076293945,376038.0
2022-07-15 10:40:00-04:00,26.420000076293945,26.46500015258789,26.3799991607666,26.389999389648438,26.389999389648438,316595.0
2022-07-15 10:41:00-04:00,26.385000228881836,26.424999237060547,26.360000610351562,26.40999984741211,26.40999984741211,430897.0
2022-07-15 10:42:00-04:00,26.41230010986328,26.427000045776367,26.3799991607666,26.427000045776367,26.427000045776367,150314.0
2022-07-15 10:43:00-04:00,26.424999237060547,26.440000534057617,26.360000610351562,26.389999389648438,26.389999389648438,305103.0
2022-07-15 10:44:00-04:00,26.389999389648438,26.399999618530273,26.309799194335938,26.31220054626465,26.31220054626465,328370.0
2022-07-15 10:45:00-04:00,26.309999465942383,26.350099563598633,26.229999542236328,26.233999252319336,26.233999252319336,433842.0
2022-07-15 10:46:00-04:00,26.237499237060547,26.270000457763672,26.18000030517578,26.269899368286133,26.269899368286133,493039.0
2022-07-15 10:47:00-04:00,26.264999389648438,26.329999923706055,26.225000381469727,26.315000534057617,26.315000534057617,463044.0
2022-07-15 10:48:00-04:00,26.309999465942383,26.329999923706055,26.260000228881836,26.280000686645508,26.280000686645508,270114.0
2022-07-15 10:49:00-04:00,26.27199935913086,26.350000381469727,26.239999771118164,26.331899642944336,26.331899642944336,395855.0
2022-07-15 10:50:00-04:00,26.33810043334961,26.34000015258789,26.29010009765625,26.31999969482422,26.31999969482422,420792.0
2022-07-15 10:51:00-04:00,26.325000762939453,26.339099884033203,26.289499282836914,26.329999923706055,26.329999923706055,201536.0
2022-07-15 10:52:00-04:00,26.329999923706055,26.358200073242188,26.290000915527344,26.298799514770508,26.298799514770508,198608.0
2022-07-15 10:53:00-04:00,26.298900604248047,26.327600479125977,26.229999542236328,26.296100616455078,26.296100616455078,253593.0
2022-07-15 10:54:00-04:00,26.290000915527344,26.34000015258789,26.262300491333008,26.270000457763672,26.270000457763672,360469.0
2022-07-15 10:55:00-04:00,26.264999389648438,26.309999465942383,26.221099853515625,26.299999237060547,26.299999237060547,306547.0
2022-07-15 10:56:00-04:00,26.300100326538086,26.3700008392334,26.280000686645508,26.342100143432617,26.342100143432617,397964.0
2022-07-15 10:57:00-04:00,26.350000381469727,26.399999618530273,26.329999923706055,26.360000610351562,26.360000610351562,349669.0
2022-07-15 10:58:00-04:00,26.3533992767334,26.41010093688965,26.349000930786133,26.409000396728516,26.409000396728516,256894.0
2022-07-15 10:59:00-04:00,26.404600143432617,26.450000762939453,26.40239906311035,26.40999984741211,26.40999984741211,515105.0
2022-07-15 11:00:00-04:00,26.41790008544922,26.440000534057617,26.3700008392334,26.399999618530273,26.399999618530273,0.0
2022-07-15 11:01:00-04:00,26.399999618530273,26.489999771118164,26.399999618530273,26.469999313354492,26.469999313354492,440061.0
2022-07-15 11:02:00-04:00,26.469999313354492,26.520000457763672,26.440000534057617,26.508699417114258,26.508699417114258,512048.0
2022-07-15 11:03:00-04:00,26.510000228881836,26.524999618530273,26.472299575805664,26.486000061035156,26.486000061035156,345267.0
2022-07-15 11:04:00-04:00,26.489900588989258,26.5049991607666,26.420000076293945,26.482099533081055,26.482099533081055,418964.0
2022-07-15 11:05:00-04:00,26.489099502563477,26.510000228881836,26.430099487304688,26.440000534057617,26.440000534057617,304521.0
2022-07-15 11:06:00-04:00,26.430099487304688,26.510000228881836,26.43000030517578,26.510000228881836,26.510000228881836,265292.0
2022-07-15 11:07:00-04:00,26.510000228881836,26.559999465942383,26.510000228881836,26.550100326538086,26.550100326538086,792195.0
2022-07-15 11:08:00-04:00,26.55500030517578,26.59000015258789,26.54010009765625,26.55069923400879,26.55069923400879,386724.0
2022-07-15 11:09:00-04:00,26.55500030517578,26.65999984741211,26.550100326538086,26.63010025024414,26.63010025024414,680914.0
2022-07-15 11:10:00-04:00,26.639999389648438,26.65999984741211,26.579999923706055,26.6299991607666,26.6299991607666,580781.0
2022-07-15 11:11:00-04:00,26.627199172973633,26.670000076293945,26.620100021362305,26.655000686645508,26.655000686645508,270030.0
2022-07-15 11:12:00-04:00,26.66119956970215,26.670000076293945,26.56999969482422,26.584999084472656,26.584999084472656,444786.0
2022-07-15 11:13:00-04:00,26.582500457763672,26.604999542236328,26.549999237060547,26.600000381469727,26.600000381469727,307637.0
2022-07-15 11:14:00-04:00,26.604999542236328,26.66990089416504,26.59000015258789,26.66990089416504,26.66990089416504,345629.0
2022-07-15 11:15:00-04:00,26.670000076293945,26.729999542236328,26.649999618530273,26.727800369262695,26.727800369262695,849586.0
2022-07-15 11:16:00-04:00,26.729900360107422,26.760000228881836,26.680099487304688,26.690000534057617,26.690000534057617,479752.0
2022-07-15 11:17:00-04:00,26.700000762939453,26.700000762939453,26.6299991607666,26.645000457763672,26.645000457763672,373471.0
2022-07-15 11:18:00-04:00,26.650100708007812,26.670000076293945,26.63010025024414,26.640199661254883,26.640199661254883,258012.0
2022-07-15 11:19:00-04:00,26.64229965209961,26.670000076293945,26.613399505615234,26.65019989013672,26.65019989013672,315988.0
2022-07-15 11:20:00-04:00,26.659299850463867,26.709999084472656,26.642499923706055,26.704999923706055,26.704999923706055,340618.0
2022-07-15 11:21:00-04:00,26.700000762939453,26.717300415039062,26.670000076293945,26.711000442504883,26.711000442504883,276414.0
2022-07-15 11:22:00-04:00,26.709999084472656,26.729999542236328,26.670000076293945,26.719499588012695,26.719499588012695,201315.0
2022-07-15 11:23:00-04:00,26.719900131225586,26.729999542236328,26.68000030517578,26.701400756835938,26.701400756835938,256415.0
2022-07-15 11:24:00-04:00,26.704999923706055,26.725000381469727,26.694599151611328,26.704999923706055,26.704999923706055,143906.0
2022-07-15 11:25:00-04:00,26.706100463867188,26.719999313354492,26.68000030517578,26.690000534057617,26.690000534057617,188994.0
2022-07-15 11:26:00-04:00,26.700000762939453,26.700000762939453,26.65999984741211,26.68000030517578,26.68000030517578,254662.0
2022-07-15 11:27:00-04:00,26.690000534057617,26.700000762939453,26.65999984741211,26.700000762939453,26.700000762939453,149606.0
2022-07-15 11:28:00-04:00,26.697799682617188,26.739999771118164,26.68000030517578,26.68000030517578,26.68000030517578,207412.0
2022-07-15 11:29:00-04:00,26.674999237060547,26.690000534057617,26.579999923706055,26.581199645996094,26.581199645996094,506896.0
2022-07-15 11:30:00-04:00,26.59000015258789,26.604999542236328,26.530000686645508,26.53499984741211,26.53499984741211,508935.0
2022-07-15 11:31:00-04:00,26.530000686645508,26.56999969482422,26.510000228881836,26.56999969482422,26.56999969482422,347178.0
2022-07-15 11:32:00-04:00,26.579999923706055,26.610000610351562,26.56999969482422,26.604999542236328,26.604999542236328,278305.0
2022-07-15 11:33:00-04:00,26.609699249267578,26.670000076293945,26.609699249267578,26.639999389648438,26.639999389648438,346204.0
2022-07-15 11:34:00-04:00,26.649999618530273,26.65999984741211,26.579999923706055,26.58609962463379,26.58609962463379,347377.0
2022-07-15 11:35:00-04:00,26.59000015258789,26.6299991607666,26.540000915527344,26.6299991607666,26.6299991607666,251886.0
2022-07-15 11:36:00-04:00,26.625,26.665000915527344,26.6200008392334,26.649999618530273,26.649999618530273,192523.0
2022-07-15 11:37:00-04:00,26.659000396728516,26.68000030517578,26.639999389648438,26.674999237060547,26.674999237060547,252483.0
2022-07-15 11:38:00-04:00,26.68000030517578,26.68000030517578,26.600000381469727,26.614999771118164,26.614999771118164,153866.0
2022-07-15 11:39:00-04:00,26.6200008392334,26.68000030517578,26.612499237060547,26.649999618530273,26.649999618530273,171995.0
2022-07-15 11:40:00-04:00,26.649999618530273,26.670000076293945,26.6200008392334,26.625,26.625,111019.0
2022-07-15 11:41:00-04:00,26.6299991607666,26.65959930419922,26.572099685668945,26.604999542236328,26.604999542236328,203552.0
2022-07-15 11:42:00-04:00,26.600000381469727,26.639999389648438,26.600000381469727,26.639999389648438,26.639999389648438,99162.0
2022-07-15 11:43:00-04:00,26.635000228881836,26.649999618530273,26.59280014038086,26.616300582885742,26.616300582885742,182949.0
2022-07-15 11:44:00-04:00,26.614999771118164,26.652099609375,26.60890007019043,26.611299514770508,26.611299514770508,82534.0
2022-07-15 11:45:00-04:00,26.614999771118164,26.65999984741211,26.56999969482422,26.627599716186523,26.627599716186523,209893.0
2022-07-15 11:46:00-04:00,26.62299919128418,26.639999389648438,26.6200008392334,26.6299991607666,26.6299991607666,205388.0
2022-07-15 11:47:00-04:00,26.6299991607666,26.668800354003906,26.6200008392334,26.635000228881836,26.635000228881836,153671.0
2022-07-15 11:48:00-04:00,26.635000228881836,26.68000030517578,26.612600326538086,26.67140007019043,26.67140007019043,155738.0
2022-07-15 11:49:00-04:00,26.68000030517578,26.700000762939453,26.629899978637695,26.629899978637695,26.629899978637695,385134.0
2022-07-15 11:50:00-04:00,26.6200008392334,26.626699447631836,26.549999237060547,26.590299606323242,26.590299606323242,356632.0
2022-07-15 11:51:00-04:00,26.59000015258789,26.600000381469727,26.520000457763672,26.547500610351562,26.547500610351562,335733.0
2022-07-15 11:52:00-04:00,26.547300338745117,26.584999084472656,26.530000686645508,26.57990074157715,26.57990074157715,152053.0
2022-07-15 11:53:00-04:00,26.579999923706055,26.610000610351562,26.549999237060547,26.608299255371094,26.608299255371094,170131.0
2022-07-15 11:54:00-04:00,26.609899520874023,26.6200008392334,26.540000915527344,26.540599822998047,26.540599822998047,185078.0
2022-07-15 11:55:00-04:00,26.540000915527344,26.59000015258789,26.520000457763672,26.579999923706055,26.579999923706055,259566.0
2022-07-15 11:56:00-04:00,26.584999084472656,26.584999084472656,26.530000686645508,26.549999237060547,26.549999237060547,122060.0
2022-07-15 11:57:00-04:00,26.550100326538086,26.55500030517578,26.510000228881836,26.522300720214844,26.522300720214844,150970.0
2022-07-15 11:58:00-04:00,26.52739906311035,26.539899826049805,26.475000381469727,26.4950008392334,26.4950008392334,316577.0
2022-07-15 11:59:00-04:00,26.490400314331055,26.530000686645508,26.489999771118164,26.489999771118164,26.489999771118164,161847.0
2022-07-15 12:00:00-04:00,26.489999771118164,26.510000228881836,26.440000534057617,26.44059944152832,26.44059944152832,554010.0
2022-07-15 12:01:00-04:00,26.440000534057617,26.469999313354492,26.389999389648438,26.399999618530273,26.399999618530273,387255.0
2022-07-15 12:02:00-04:00,26.390100479125977,26.459999084472656,26.390100479125977,26.434999465942383,26.434999465942383,218110.0
2022-07-15 12:03:00-04:00,26.439899444580078,26.51689910888672,26.42009925842285,26.510299682617188,26.510299682617188,261629.0
2022-07-15 12:04:00-04:00,26.510000228881836,26.559999465942383,26.5,26.530000686645508,26.530000686645508,417224.0
2022-07-15 12:05:00-04:00,26.520000457763672,26.524999618530273,26.459999084472656,26.48040008544922,26.48040008544922,290860.0
2022-07-15 12:06:00-04:00,26.490100860595703,26.497299194335938,26.450000762939453,26.46579933166504,26.46579933166504,158123.0
2022-07-15 12:07:00-04:00,26.459999084472656,26.46500015258789,26.42009925842285,26.43000030517578,26.43000030517578,176627.0
2022-07-15 12:08:00-04:00,26.430099487304688,26.440000534057617,26.34000015258789,26.35810089111328,26.35810089111328,395405.0
2022-07-15 12:09:00-04:00,26.350000381469727,26.379899978637695,26.31999969482422,26.364999771118164,26.364999771118164,492931.0
2022-07-15 12:10:00-04:00,26.365699768066406,26.3799991607666,26.34000015258789,26.35300064086914,26.35300064086914,204280.0
2022-07-15 12:11:00-04:00,26.354999542236328,26.354999542236328,26.315000534057617,26.334999084472656,26.334999084472656,119935.0
2022-07-15 12:12:00-04:00,26.33209991455078,26.389999389648438,26.309999465942383,26.389999389648438,26.389999389648438,292385.0
2022-07-15 12:13:00-04:00,26.389999389648438,26.40999984741211,26.329999923706055,26.399999618530273,26.399999618530273,271194.0
2022-07-15 12:14:00-04:00,26.405000686645508,26.43000030517578,26.360000610351562,26.360000610351562,26.360000610351562,269465.0
2022-07-15 12:15:00-04:00,26.36280059814453,26.389999389648438,26.350099563598633,26.36009979248047,26.36009979248047,176054.0
2022-07-15 12:16:00-04:00,26.360000610351562,26.38789939880371,26.31999969482422,26.31999969482422,26.31999969482422,193131.0
2022-07-15 12:17:00-04:00,26.31999969482422,26.3700008392334,26.309999465942383,26.350000381469727,26.350000381469727,215728.0
2022-07-15 12:18:00-04:00,26.344999313354492,26.3700008392334,26.320100784301758,26.360000610351562,26.360000610351562,94419.0
2022-07-15 12:19:00-04:00,26.360000610351562,26.420000076293945,26.350000381469727,26.415000915527344,26.415000915527344,285294.0
2022-07-15 12:20:00-04:00,26.415000915527344,26.420000076293945,26.3700008392334,26.40999984741211,26.40999984741211,204186.0
2022-07-15 12:21:00-04:00,26.389999389648438,26.45989990234375,26.389999389648438,26.43000030517578,26.43000030517578,299219.0
2022-07-15 12:22:00-04:00,26.438600540161133,26.450000762939453,26.40999984741211,26.4148006439209,26.4148006439209,345030.0
2022-07-15 12:23:00-04:00,26.420000076293945,26.48940086364746,26.399999618530273,26.479900360107422,26.479900360107422,346579.0
2022-07-15 12:24:00-04:00,26.479000091552734,26.479900360107422,26.420000076293945,26.434999465942383,26.434999465942383,260391.0
2022-07-15 12:25:00-04:00,26.440000534057617,26.469900131225586,26.420000076293945,26.46500015258789,26.46500015258789,219596.0
2022-07-15 12:26:00-04:00,26.463499069213867,26.489999771118164,26.441999435424805,26.450000762939453,26.450000762939453,273002.0
2022-07-15 12:27:00-04:00,26.441600799560547,26.46500015258789,26.43000030517578,26.454999923706055,26.454999923706055,159610.0
2022-07-15 12:28:00-04:00,26.459999084472656,26.460500717163086,26.399999618530273,26.427000045776367,26.427000045776367,264000.0
2022-07-15 12:29:00-04:00,26.43000030517578,26.469999313354492,26.425600051879883,26.469999313354492,26.469999313354492,143245.0
2022-07-15 12:30:00-04:00,26.469999313354492,26.479999542236328,26.41010093688965,26.413400650024414,26.413400650024414,210568.0
2022-07-15 12:31:00-04:00,26.40999984741211,26.479999542236328,26.40999984741211,26.459999084472656,26.459999084472656,152628.0
2022-07-15 12:32:00-04:00,26.45989990234375,26.489999771118164,26.420000076293945,26.420000076293945,26.420000076293945,213802.0
2022-07-15 12:33:00-04:00,26.42009925842285,26.43000030517578,26.31999969482422,26.3341007232666,26.3341007232666,398921.0
2022-07-15 12:34:00-04:00,26.329999923706055,26.3799991607666,26.309999465942383,26.360000610351562,26.360000610351562,266557.0
2022-07-15 12:35:00-04:00,26.360000610351562,26.390199661254883,26.34000015258789,26.377599716186523,26.377599716186523,214796.0
2022-07-15 12:36:00-04:00,26.3700008392334,26.389999389648438,26.36009979248047,26.3799991607666,26.3799991607666,111973.0
2022-07-15 12:37:00-04:00,26.389999389648438,26.395099639892578,26.350000381469727,26.360000610351562,26.360000610351562,138351.0
2022-07-15 12:38:00-04:00,26.354999542236328,26.43000030517578,26.354999542236328,26.424999237060547,26.424999237060547,290462.0
2022-07-15 12:39:00-04:00,26.424999237060547,26.43000030517578,26.389999389648438,26.399900436401367,26.399900436401367,160321.0
2022-07-15 12:40:00-04:00,26.389999389648438,26.399999618530273,26.31999969482422,26.36989974975586,26.36989974975586,329957.0
2022-07-15 12:41:00-04:00,26.371400833129883,26.43000030517578,26.364999771118164,26.427099227905273,26.427099227905273,108738.0
2022-07-15 12:42:00-04:00,26.42889976501465,26.43000030517578,26.389999389648438,26.415000915527344,26.415000915527344,134062.0
2022-07-15 12:43:00-04:00,26.41010093688965,26.440000534057617,26.389999389648438,26.398799896240234,26.398799896240234,156103.0
2022-07-15 12:44:00-04:00,26.395000457763672,26.459999084472656,26.390100479125977,26.440099716186523,26.440099716186523,156584.0
2022-07-15 12:45:00-04:00,26.447500228881836,26.450000762939453,26.420000076293945,26.44499969482422,26.44499969482422,120236.0
2022-07-15 12:46:00-04:00,26.44499969482422,26.469999313354492,26.43000030517578,26.447999954223633,26.447999954223633,256463.0
2022-07-15 12:47:00-04:00,26.440399169921875,26.469999313354492,26.440000534057617,26.459999084472656,26.459999084472656,125590.0
2022-07-15 12:48:00-04:00,26.459999084472656,26.5,26.459999084472656,26.489200592041016,26.489200592041016,307276.0
2022-07-15 12:49:00-04:00,26.4822998046875,26.520000457763672,26.459999084472656,26.491899490356445,26.491899490356445,389430.0
2022-07-15 12:50:00-04:00,26.497499465942383,26.515499114990234,26.459999084472656,26.485000610351562,26.485000610351562,199975.0
2022-07-15 12:51:00-04:00,26.489999771118164,26.520000457763672,26.485000610351562,26.510000228881836,26.510000228881836,122842.0
2022-07-15 12:52:00-04:00,26.512399673461914,26.520000457763672,26.489999771118164,26.4950008392334,26.4950008392334,108177.0
2022-07-15 12:53:00-04:00,26.489999771118164,26.489999771118164,26.440000534057617,26.4601993560791,26.4601993560791,219293.0
2022-07-15 12:54:00-04:00,26.459999084472656,26.479999542236328,26.399999618530273,26.440000534057617,26.440000534057617,261350.0
2022-07-15 12:55:00-04:00,26.440099716186523,26.469900131225586,26.42009925842285,26.45989990234375,26.45989990234375,185663.0
2022-07-15 12:56:00-04:00,26.453100204467773,26.5,26.450000762939453,26.4950008392334,26.4950008392334,90411.0
2022-07-15 12:57:00-04:00,26.490100860595703,26.51689910888672,26.469999313354492,26.47010040283203,26.47010040283203,234094.0
2022-07-15 12:58:00-04:00,26.47130012512207,26.489999771118164,26.459999084472656,26.485000610351562,26.485000610351562,145232.0
2022-07-15 12:59:00-04:00,26.489999771118164,26.5,26.454999923706055,26.46500015258789,26.46500015258789,152509.0
2022-07-15 13:00:00-04:00,26.469999313354492,26.489999771118164,26.469999313354492,26.489500045776367,26.489500045776367,62907.0
2022-07-15 13:01:00-04:00,26.479999542236328,26.5,26.45009994506836,26.472900390625,26.472900390625,100009.0
2022-07-15 13:02:00-04:00,26.47800064086914,26.510000228881836,26.45009994506836,26.46500015258789,26.46500015258789,216735.0
2022-07-15 13:03:00-04:00,26.469999313354492,26.469999313354492,26.440000534057617,26.450000762939453,26.450000762939453,166622.0
2022-07-15 13:04:00-04:00,26.45199966430664,26.5049991607666,26.450000762939453,26.500999450683594,26.500999450683594,136044.0
2022-07-15 13:05:00-04:00,26.5,26.520000457763672,26.479999542236328,26.5,26.5,260030.0
2022-07-15 13:06:00-04:00,26.5,26.519899368286133,26.459999084472656,26.489999771118164,26.489999771118164,176547.0
2022-07-15 13:07:00-04:00,26.489999771118164,26.530000686645508,26.475000381469727,26.5137996673584,26.5137996673584,232281.0
2022-07-15 13:08:00-04:00,26.51569938659668,26.540000915527344,26.510000228881836,26.510000228881836,26.510000228881836,221224.0
2022-07-15 13:09:00-04:00,26.517900466918945,26.539899826049805,26.505699157714844,26.53499984741211,26.53499984741211,211117.0
2022-07-15 13:10:00-04:00,26.530000686645508,26.540000915527344,26.5044002532959,26.506200790405273,26.506200790405273,175780.0
2022-07-15 13:11:00-04:00,26.5049991607666,26.52989959716797,26.5049991607666,26.524999618530273,26.524999618530273,66653.0
2022-07-15 13:12:00-04:00,26.530000686645508,26.559999465942383,26.520099639892578,26.539899826049805,26.539899826049805,280976.0
2022-07-15 13:13:00-04:00,26.540000915527344,26.540000915527344,26.5,26.514999389648438,26.514999389648438,153755.0
2022-07-15 13:14:00-04:00,26.510000228881836,26.540000915527344,26.500099182128906,26.520000457763672,26.520000457763672,116775.0
2022-07-15 13:15:00-04:00,26.520000457763672,26.520000457763672,26.47369956970215,26.4950008392334,26.4950008392334,216066.0
2022-07-15 13:16:00-04:00,26.4950008392334,26.5,26.459999084472656,26.479999542236328,26.479999542236328,164053.0
2022-07-15 13:17:00-04:00,26.475000381469727,26.497499465942383,26.462799072265625,26.489900588989258,26.489900588989258,70297.0
2022-07-15 13:18:00-04:00,26.491899490356445,26.52079963684082,26.479999542236328,26.514999389648438,26.514999389648438,262341.0
2022-07-15 13:19:00-04:00,26.514999389648438,26.530000686645508,26.510000228881836,26.530000686645508,26.530000686645508,161886.0
2022-07-15 13:20:00-04:00,26.530000686645508,26.538799285888672,26.510000228881836,26.530000686645508,26.530000686645508,161044.0
2022-07-15 13:21:00-04:00,26.5310001373291,26.549999237060547,26.479999542236328,26.517200469970703,26.517200469970703,204281.0
2022-07-15 13:22:00-04:00,26.510099411010742,26.530000686645508,26.489999771118164,26.514999389648438,26.514999389648438,99840.0
2022-07-15 13:23:00-04:00,26.510000228881836,26.517200469970703,26.489999771118164,26.489999771118164,26.489999771118164,78945.0
2022-07-15 13:24:00-04:00,26.5,26.530000686645508,26.489999771118164,26.530000686645508,26.530000686645508,78509.0
2022-07-15 13:25:00-04:00,26.530000686645508,26.540000915527344,26.510400772094727,26.527599334716797,26.527599334716797,127664.0
2022-07-15 13:26:00-04:00,26.530000686645508,26.559999465942383,26.520000457763672,26.53499984741211,26.53499984741211,145112.0
2022-07-15 13:27:00-04:00,26.530000686645508,26.59000015258789,26.530000686645508,26.584999084472656,26.584999084472656,247014.0
2022-07-15 13:28:00-04:00,26.59000015258789,26.59000015258789,26.56999969482422,26.58300018310547,26.58300018310547,193564.0
2022-07-15 13:29:00-04:00,26.584999084472656,26.6200008392334,26.559999465942383,26.614999771118164,26.614999771118164,356757.0
2022-07-15 13:30:00-04:00,26.619300842285156,26.638999938964844,26.579999923706055,26.594999313354492,26.594999313354492,286409.0
2022-07-15 13:31:00-04:00,26.600000381469727,26.619400024414062,26.59000015258789,26.604999542236328,26.604999542236328,150840.0
2022-07-15 13:32:00-04:00,26.604999542236328,26.6299991607666,26.59000015258789,26.619600296020508,26.619600296020508,184807.0
2022-07-15 13:33:00-04:00,26.61989974975586,26.639999389648438,26.61009979248047,26.62809944152832,26.62809944152832,145232.0
2022-07-15 13:34:00-04:00,26.6299991607666,26.65999984741211,26.6299991607666,26.6299991607666,26.6299991607666,184504.0
2022-07-15 13:35:00-04:00,26.6299991607666,26.649999618530273,26.61009979248047,26.630300521850586,26.630300521850586,158856.0
2022-07-15 13:36:00-04:00,26.639999389648438,26.670000076293945,26.639999389648438,26.645000457763672,26.645000457763672,222070.0
2022-07-15 13:37:00-04:00,26.64299964904785,26.665000915527344,26.639999389648438,26.665000915527344,26.665000915527344,194480.0
2022-07-15 13:38:00-04:00,26.66670036315918,26.670000076293945,26.648799896240234,26.652700424194336,26.652700424194336,217193.0
2022-07-15 13:39:00-04:00,26.65999984741211,26.699899673461914,26.655000686645508,26.690000534057617,26.690000534057617,195663.0
2022-07-15 13:40:00-04:00,26.690000534057617,26.70549964904785,26.68000030517578,26.69499969482422,26.69499969482422,252184.0
2022-07-15 13:41:00-04:00,26.692399978637695,26.700000762939453,26.670000076293945,26.68000030517578,26.68000030517578,215918.0
2022-07-15 13:42:00-04:00,26.670000076293945,26.677200317382812,26.645000457763672,26.65369987487793,26.65369987487793,255018.0
2022-07-15 13:43:00-04:00,26.649999618530273,26.68000030517578,26.649999618530273,26.670000076293945,26.670000076293945,207584.0
2022-07-15 13:44:00-04:00,26.66010093688965,26.670000076293945,26.649999618530273,26.65999984741211,26.65999984741211,60916.0
2022-07-15 13:45:00-04:00,26.667499542236328,26.670000076293945,26.639999389648438,26.639999389648438,26.639999389648438,193273.0
2022-07-15 13:46:00-04:00,26.639999389648438,26.649999618530273,26.6200008392334,26.640100479125977,26.640100479125977,204825.0
2022-07-15 13:47:00-04:00,26.640100479125977,26.670000076293945,26.640100479125977,26.649999618530273,26.649999618530273,190880.0
2022-07-15 13:48:00-04:00,26.649999618530273,26.68000030517578,26.640100479125977,26.665000915527344,26.665000915527344,149672.0
2022-07-15 13:49:00-04:00,26.665000915527344,26.670000076293945,26.600000381469727,26.600099563598633,26.600099563598633,192027.0
2022-07-15 13:50:00-04:00,26.600099563598633,26.625,26.579999923706055,26.620399475097656,26.620399475097656,312939.0
2022-07-15 13:51:00-04:00,26.6200008392334,26.65999984741211,26.6200008392334,26.640100479125977,26.640100479125977,190937.0
2022-07-15 13:52:00-04:00,26.639999389648438,26.645000457763672,26.6200008392334,26.639999389648438,26.639999389648438,132749.0
2022-07-15 13:53:00-04:00,26.6299991607666,26.63010025024414,26.610000610351562,26.6200008392334,26.6200008392334,105439.0
2022-07-15 13:54:00-04:00,26.613300323486328,26.6299991607666,26.549999237060547,26.549999237060547,26.549999237060547,396863.0
2022-07-15 13:55:00-04:00,26.550399780273438,26.587400436401367,26.540000915527344,26.56999969482422,26.56999969482422,258036.0
2022-07-15 13:56:00-04:00,26.56999969482422,26.6200008392334,26.561899185180664,26.610000610351562,26.610000610351562,254458.0
2022-07-15 13:57:00-04:00,26.601200103759766,26.639999389648438,26.600099563598633,26.625,26.625,174536.0
2022-07-15 13:58:00-04:00,26.6210994720459,26.635000228881836,26.610000610351562,26.610000610351562,26.610000610351562,104471.0
2022-07-15 13:59:00-04:00,26.610000610351562,26.649999618530273,26.590099334716797,26.645000457763672,26.645000457763672,224217.0
2022-07-15 14:00:00-04:00,26.641199111938477,26.667699813842773,26.584999084472656,26.592100143432617,26.592100143432617,263674.0
2022-07-15 14:01:00-04:00,26.600000381469727,26.610000610351562,26.579999923706055,26.600000381469727,26.600000381469727,109160.0
2022-07-15 14:02:00-04:00,26.604999542236328,26.610000610351562,26.559999465942383,26.575000762939453,26.575000762939453,179068.0
2022-07-15 14:03:00-04:00,26.56999969482422,26.57080078125,26.5049991607666,26.510700225830078,26.510700225830078,362110.0
2022-07-15 14:04:00-04:00,26.510700225830078,26.527799606323242,26.489999771118164,26.520000457763672,26.520000457763672,220218.0
2022-07-15 14:05:00-04:00,26.520000457763672,26.559999465942383,26.520000457763672,26.53499984741211,26.53499984741211,124111.0
2022-07-15 14:06:00-04:00,26.53499984741211,26.56999969482422,26.53019905090332,26.549999237060547,26.549999237060547,115295.0
2022-07-15 14:07:00-04:00,26.551300048828125,26.584999084472656,26.54010009765625,26.56999969482422,26.56999969482422,160315.0
2022-07-15 14:08:00-04:00,26.569900512695312,26.56999969482422,26.545000076293945,26.55500030517578,26.55500030517578,97824.0
2022-07-15 14:09:00-04:00,26.55929946899414,26.579999923706055,26.55139923095703,26.579999923706055,26.579999923706055,110727.0
2022-07-15 14:10:00-04:00,26.579999923706055,26.600000381469727,26.559999465942383,26.584999084472656,26.584999084472656,127999.0
2022-07-15 14:11:00-04:00,26.579999923706055,26.59000015258789,26.559999465942383,26.58009910583496,26.58009910583496,115134.0
2022-07-15 14:12:00-04:00,26.579999923706055,26.587600708007812,26.549999237060547,26.549999237060547,26.549999237060547,82524.0
2022-07-15 14:13:00-04:00,26.541099548339844,26.58989906311035,26.540000915527344,26.579200744628906,26.579200744628906,130444.0
2022-07-15 14:14:00-04:00,26.56999969482422,26.6200008392334,26.56999969482422,26.6200008392334,26.6200008392334,157871.0
2022-07-15 14:15:00-04:00,26.618000030517578,26.649999618530273,26.610000610351562,26.623300552368164,26.623300552368164,331118.0
2022-07-15 14:16:00-04:00,26.6299991607666,26.639999389648438,26.579999923706055,26.604999542236328,26.604999542236328,166258.0
2022-07-15 14:17:00-04:00,26.600000381469727,26.629899978637695,26.595699310302734,26.6028995513916,26.6028995513916,76824.0
2022-07-15 14:18:00-04:00,26.604999542236328,26.639999389648438,26.590700149536133,26.629899978637695,26.629899978637695,106010.0
2022-07-15 14:19:00-04:00,26.627599716186523,26.6299991607666,26.61359977722168,26.625,26.625,83161.0
2022-07-15 14:20:00-04:00,26.6299991607666,26.635000228881836,26.510099411010742,26.57990074157715,26.57990074157715,2740488.0
2022-07-15 14:21:00-04:00,26.576000213623047,26.600000381469727,26.520000457763672,26.53499984741211,26.53499984741211,1163267.0
2022-07-15 14:22:00-04:00,26.530000686645508,26.540000915527344,26.479999542236328,26.4950008392334,26.4950008392334,1759528.0
2022-07-15 14:23:00-04:00,26.499900817871094,26.529399871826172,26.479999542236328,26.520000457763672,26.520000457763672,275214.0
2022-07-15 14:24:00-04:00,26.525400161743164,26.559999465942383,26.522899627685547,26.549999237060547,26.549999237060547,156945.0
2022-07-15 14:25:00-04:00,26.549999237060547,26.56999969482422,26.540000915527344,26.559999465942383,26.559999465942383,158626.0
2022-07-15 14:26:00-04:00,26.559999465942383,26.56999969482422,26.489999771118164,26.530000686645508,26.530000686645508,165593.0
2022-07-15 14:27:00-04:00,26.530000686645508,26.549999237060547,26.5049991607666,26.510000228881836,26.510000228881836,47251.0
2022-07-15 14:28:00-04:00,26.500099182128906,26.56999969482422,26.500099182128906,26.56999969482422,26.56999969482422,138434.0
2022-07-15 14:29:00-04:00,26.565000534057617,26.61989974975586,26.559999465942383,26.609899520874023,26.609899520874023,238146.0
2022-07-15 14:30:00-04:00,26.604999542236328,26.6299991607666,26.594999313354492,26.610000610351562,26.610000610351562,218145.0
2022-07-15 14:31:00-04:00,26.604999542236328,26.6200008392334,26.570100784301758,26.618200302124023,26.618200302124023,187698.0
2022-07-15 14:32:00-04:00,26.619199752807617,26.629899978637695,26.59000015258789,26.617399215698242,26.617399215698242,254204.0
2022-07-15 14:33:00-04:00,26.610000610351562,26.6156005859375,26.579999923706055,26.587600708007812,26.587600708007812,74728.0
2022-07-15 14:34:00-04:00,26.588499069213867,26.610000610351562,26.584999084472656,26.599899291992188,26.599899291992188,100855.0
2022-07-15 14:35:00-04:00,26.600000381469727,26.610000610351562,26.579999923706055,26.599599838256836,26.599599838256836,114144.0
2022-07-15 14:36:00-04:00,26.59000015258789,26.6200008392334,26.575000762939453,26.59000015258789,26.59000015258789,164692.0
2022-07-15 14:37:00-04:00,26.600000381469727,26.610000610351562,26.579999923706055,26.586700439453125,26.586700439453125,99846.0
2022-07-15 14:38:00-04:00,26.579999923706055,26.598600387573242,26.575199127197266,26.594999313354492,26.594999313354492,174994.0
2022-07-15 14:39:00-04:00,26.596200942993164,26.604999542236328,26.579999923706055,26.59000015258789,26.59000015258789,293877.0
2022-07-15 14:40:00-04:00,26.59000015258789,26.60420036315918,26.579999923706055,26.600500106811523,26.600500106811523,107163.0
2022-07-15 14:41:00-04:00,26.600000381469727,26.63990020751953,26.600000381469727,26.632699966430664,26.632699966430664,202060.0
2022-07-15 14:42:00-04:00,26.6299991607666,26.679899215698242,26.6299991607666,26.64699935913086,26.64699935913086,343483.0
2022-07-15 14:43:00-04:00,26.649999618530273,26.65999984741211,26.625,26.65679931640625,26.65679931640625,247359.0
2022-07-15 14:44:00-04:00,26.65060043334961,26.67770004272461,26.645700454711914,26.668899536132812,26.668899536132812,117536.0
2022-07-15 14:45:00-04:00,26.668500900268555,26.690000534057617,26.66010093688965,26.68440055847168,26.68440055847168,283804.0
2022-07-15 14:46:00-04:00,26.690000534057617,26.729999542236328,26.68199920654297,26.697500228881836,26.697500228881836,381127.0
2022-07-15 14:47:00-04:00,26.69499969482422,26.729999542236328,26.690000534057617,26.72010040283203,26.72010040283203,259168.0
2022-07-15 14:48:00-04:00,26.719999313354492,26.729999542236328,26.70009994506836,26.72599983215332,26.72599983215332,206866.0
2022-07-15 14:49:00-04:00,26.719999313354492,26.739999771118164,26.713600158691406,26.739299774169922,26.739299774169922,290245.0
2022-07-15 14:50:00-04:00,26.729999542236328,26.741300582885742,26.700000762939453,26.700000762939453,26.700000762939453,347643.0
2022-07-15 14:51:00-04:00,26.70170021057129,26.719999313354492,26.68000030517578,26.695999145507812,26.695999145507812,241510.0
2022-07-15 14:52:00-04:00,26.69499969482422,26.729999542236328,26.684999465942383,26.725000381469727,26.725000381469727,152922.0
2022-07-15 14:53:00-04:00,26.723899841308594,26.729999542236328,26.690000534057617,26.696800231933594,26.696800231933594,70644.0
2022-07-15 14:54:00-04:00,26.700000762939453,26.719999313354492,26.690000534057617,26.70669937133789,26.70669937133789,88979.0
2022-07-15 14:55:00-04:00,26.707399368286133,26.707399368286133,26.670000076293945,26.682300567626953,26.682300567626953,110752.0
2022-07-15 14:56:00-04:00,26.683500289916992,26.686899185180664,26.649999618530273,26.670000076293945,26.670000076293945,207664.0
2022-07-15 14:57:00-04:00,26.66069984436035,26.665000915527344,26.620100021362305,26.635000228881836,26.635000228881836,206151.0
2022-07-15 14:58:00-04:00,26.6299991607666,26.66990089416504,26.610000610351562,26.665000915527344,26.665000915527344,199065.0
2022-07-15 14:59:00-04:00,26.669700622558594,26.66990089416504,26.6299991607666,26.639999389648438,26.639999389648438,146948.0
2022-07-15 15:00:00-04:00,26.639999389648438,26.639999389648438,26.579999923706055,26.609899520874023,26.609899520874023,290155.0
2022-07-15 15:01:00-04:00,26.604999542236328,26.6200008392334,26.559999465942383,26.610000610351562,26.610000610351562,235694.0
2022-07-15 15:02:00-04:00,26.610000610351562,26.6299991607666,26.549999237060547,26.560199737548828,26.560199737548828,329844.0
2022-07-15 15:03:00-04:00,26.561199188232422,26.610000610351562,26.551700592041016,26.60849952697754,26.60849952697754,180409.0
2022-07-15 15:04:00-04:00,26.60689926147461,26.637300491333008,26.594999313354492,26.6299991607666,26.6299991607666,183927.0
2022-07-15 15:05:00-04:00,26.62220001220703,26.6299991607666,26.59000015258789,26.596599578857422,26.596599578857422,130895.0
2022-07-15 15:06:00-04:00,26.594999313354492,26.61989974975586,26.582300186157227,26.604999542236328,26.604999542236328,196469.0
2022-07-15 15:07:00-04:00,26.604999542236328,26.639999389648438,26.600000381469727,26.632999420166016,26.632999420166016,123098.0
2022-07-15 15:08:00-04:00,26.63990020751953,26.649999618530273,26.61009979248047,26.649900436401367,26.649900436401367,151248.0
2022-07-15 15:09:00-04:00,26.639999389648438,26.68000030517578,26.6299991607666,26.665000915527344,26.665000915527344,219197.0
2022-07-15 15:10:00-04:00,26.665000915527344,26.665000915527344,26.63319969177246,26.655000686645508,26.655000686645508,250403.0
2022-07-15 15:11:00-04:00,26.650400161743164,26.68000030517578,26.649999618530273,26.67289924621582,26.67289924621582,101288.0
2022-07-15 15:12:00-04:00,26.674999237060547,26.68000030517578,26.649999618530273,26.649999618530273,26.649999618530273,181099.0
2022-07-15 15:13:00-04:00,26.650100708007812,26.650100708007812,26.610000610351562,26.649999618530273,26.649999618530273,274615.0
2022-07-15 15:14:00-04:00,26.649999618530273,26.649999618530273,26.605600357055664,26.61989974975586,26.61989974975586,138436.0
2022-07-15 15:15:00-04:00,26.6200008392334,26.63990020751953,26.610000610351562,26.625,26.625,145975.0
2022-07-15 15:16:00-04:00,26.6299991607666,26.65999984741211,26.6200008392334,26.649999618530273,26.649999618530273,131217.0
2022-07-15 15:17:00-04:00,26.651599884033203,26.670000076293945,26.640100479125977,26.645000457763672,26.645000457763672,122922.0
2022-07-15 15:18:00-04:00,26.645000457763672,26.649999618530273,26.6299991607666,26.639999389648438,26.639999389648438,121890.0
2022-07-15 15:19:00-04:00,26.635000228881836,26.65999984741211,26.614999771118164,26.623600006103516,26.623600006103516,76122.0
2022-07-15 15:20:00-04:00,26.6299991607666,26.690000534057617,26.6299991607666,26.679899215698242,26.679899215698242,172564.0
2022-07-15 15:21:00-04:00,26.684999465942383,26.690000534057617,26.649999618530273,26.672100067138672,26.672100067138672,129358.0
2022-07-15 15:22:00-04:00,26.670000076293945,26.670000076293945,26.6299991607666,26.635000228881836,26.635000228881836,132598.0
2022-07-15 15:23:00-04:00,26.63800048828125,26.649999618530273,26.6200008392334,26.625,26.625,145561.0
2022-07-15 15:24:00-04:00,26.6200008392334,26.629899978637695,26.579999923706055,26.579999923706055,26.579999923706055,267727.0
2022-07-15 15:25:00-04:00,26.579999923706055,26.600000381469727,26.565000534057617,26.58169937133789,26.58169937133789,175798.0
2022-07-15 15:26:00-04:00,26.584999084472656,26.625,26.584999084472656,26.625,26.625,169385.0
2022-07-15 15:27:00-04:00,26.6200008392334,26.6299991607666,26.610000610351562,26.614999771118164,26.614999771118164,89546.0
2022-07-15 15:28:00-04:00,26.610000610351562,26.629899978637695,26.610000610351562,26.6205997467041,26.6205997467041,68412.0
2022-07-15 15:29:00-04:00,26.625,26.6299991607666,26.600000381469727,26.604999542236328,26.604999542236328,103283.0
2022-07-15 15:30:00-04:00,26.600000381469727,26.6299991607666,26.530000686645508,26.540000915527344,26.540000915527344,251989.0
2022-07-15 15:31:00-04:00,26.540000915527344,26.56999969482422,26.530000686645508,26.565000534057617,26.565000534057617,240610.0
2022-07-15 15:32:00-04:00,26.56999969482422,26.59000015258789,26.540000915527344,26.545000076293945,26.545000076293945,275073.0
2022-07-15 15:33:00-04:00,26.545000076293945,26.565000534057617,26.540000915527344,26.549999237060547,26.549999237060547,125887.0
2022-07-15 15:34:00-04:00,26.540000915527344,26.549999237060547,26.489999771118164,26.540000915527344,26.540000915527344,375345.0
2022-07-15 15:35:00-04:00,26.540000915527344,26.61989974975586,26.540000915527344,26.614999771118164,26.614999771118164,428512.0
2022-07-15 15:36:00-04:00,26.614999771118164,26.6299991607666,26.59000015258789,26.594999313354492,26.594999313354492,192696.0
2022-07-15 15:37:00-04:00,26.600000381469727,26.604999542236328,26.530000686645508,26.540000915527344,26.540000915527344,291077.0
2022-07-15 15:38:00-04:00,26.53499984741211,26.545000076293945,26.490800857543945,26.52989959716797,26.52989959716797,350036.0
2022-07-15 15:39:00-04:00,26.524999618530273,26.549999237060547,26.5,26.548500061035156,26.548500061035156,229604.0
2022-07-15 15:40:00-04:00,26.540000915527344,26.54800033569336,26.510000228881836,26.530000686645508,26.530000686645508,153408.0
2022-07-15 15:41:00-04:00,26.52989959716797,26.549999237060547,26.511600494384766,26.53499984741211,26.53499984741211,98579.0
2022-07-15 15:42:00-04:00,26.53499984741211,26.604999542236328,26.53499984741211,26.584999084472656,26.584999084472656,325259.0
2022-07-15 15:43:00-04:00,26.58009910583496,26.6299991607666,26.579999923706055,26.61989974975586,26.61989974975586,186303.0
2022-07-15 15:44:00-04:00,26.613500595092773,26.65999984741211,26.604999542236328,26.645000457763672,26.645000457763672,331049.0
2022-07-15 15:45:00-04:00,26.639999389648438,26.65999984741211,26.610000610351562,26.649999618530273,26.649999618530273,391944.0
2022-07-15 15:46:00-04:00,26.649999618530273,26.65999984741211,26.610000610351562,26.6200008392334,26.6200008392334,270092.0
2022-07-15 15:47:00-04:00,26.6200008392334,26.6200008392334,26.59000015258789,26.604999542236328,26.604999542236328,474052.0
2022-07-15 15:48:00-04:00,26.60379981994629,26.610000610351562,26.549999237060547,26.552499771118164,26.552499771118164,449602.0
2022-07-15 15:49:00-04:00,26.559999465942383,26.589099884033203,26.549999237060547,26.569900512695312,26.569900512695312,268297.0
2022-07-15 15:50:00-04:00,26.56999969482422,26.6299991607666,26.485000610351562,26.528200149536133,26.528200149536133,1041098.0
2022-07-15 15:51:00-04:00,26.520000457763672,26.565000534057617,26.5049991607666,26.535999298095703,26.535999298095703,243178.0
2022-07-15 15:52:00-04:00,26.53499984741211,26.579999923706055,26.520000457763672,26.579999923706055,26.579999923706055,258241.0
2022-07-15 15:53:00-04:00,26.579999923706055,26.59000015258789,26.530000686645508,26.579999923706055,26.579999923706055,272053.0
2022-07-15 15:54:00-04:00,26.59000015258789,26.68000030517578,26.559999465942383,26.659700393676758,26.659700393676758,650316.0
2022-07-15 15:55:00-04:00,26.655000686645508,26.709999084472656,26.649999618530273,26.704999923706055,26.704999923706055,907933.0
2022-07-15 15:56:00-04:00,26.700000762939453,26.729999542236328,26.700000762939453,26.713300704956055,26.713300704956055,520581.0
2022-07-15 15:57:00-04:00,26.719999313354492,26.739999771118164,26.700000762939453,26.739500045776367,26.739500045776367,416088.0
2022-07-15 15:58:00-04:00,26.739999771118164,26.780000686645508,26.719999313354492,26.764999389648438,26.764999389648438,590669.0
2022-07-15 15:59:00-04:00,26.764999389648438,26.850000381469727,26.760000228881836,26.809999465942383,26.809999465942383,1482761.0
